1,23.1,2015-02-26 08:12:15
2,50.7,2014-08-13 23:27:49
3,90.92,2014-07-05 15:15:47
4,22.46,2015-05-31 06:15:51
5,7.37,2014-12-01 04:41:45
6,88.5,2015-06-10 08:51:13
7,23.62,2014-08-21 08:44:16
8,87.11,2014-07-22 01:14:56
9,0.86,2015-04-21 02:37:56
10,6.44,2015-01-03 18:34:38
11,8.05,2014-07-03 14:31:02
12,55.04,2014-08-20 07:16:53
13,11.02,2014-07-01 04:19:07
14,31.87,2015-01-19 10:36:49
15,30.15,2014-07-03 07:25:21
16,48.41,2015-04-24 06:11:00
17,92.19,2014-09-19 20:23:18
18,89.38,2015-03-02 15:38:24
19,89.57,2015-01-28 16:48:03
20,82.16,2014-11-09 14:59:52
21,44.34,2015-01-05 22:07:00
22,47.75,2014-08-25 01:53:36
23,38.02,2014-11-12 22:16:57
24,22.38,2014-08-18 10:13:20
25,98.28,2014-11-08 21:28:05
26,66.39,2014-09-24 11:23:47
27,11.16,2014-07-31 00:54:42
28,89.83,2014-11-12 08:41:01
29,10.22,2015-04-29 11:18:14
30,94.73,2014-12-07 19:20:39
31,83.33,2015-06-20 12:31:16
32,37.59,2015-06-10 00:38:29
33,38.23,2014-10-10 21:07:17
34,61.82,2014-10-05 15:27:03
35,75.63,2014-09-16 22:53:55
36,3.8,2015-05-14 02:26:43
37,26.66,2014-11-02 00:45:16
38,29.64,2014-09-23 13:09:24
39,83.71,2014-12-22 19:16:01
40,25.01,2014-10-21 12:56:58
41,82.24,2014-12-02 21:38:59
42,26.26,2014-10-14 04:10:28
43,94.2,2014-07-21 12:31:20
44,18.77,2015-06-23 15:14:27
45,82.6,2015-04-19 13:37:37
46,76.25,2015-06-12 12:02:54
47,29.42,2015-06-23 07:01:49
48,57.47,2014-08-25 08:09:51
49,56.04,2015-01-09 11:24:20
50,92.31,2014-12-25 00:20:09
51,67.79,2014-08-18 19:11:07
52,46.12,2014-10-05 09:00:47
53,27.64,2014-06-29 03:09:24
54,71.22,2015-03-14 10:13:23
55,45.75,2015-02-03 00:47:10
56,42.92,2014-07-24 05:43:13
57,55.5,2015-01-05 04:23:17
58,61.9,2014-07-28 02:57:11
59,25.42,2014-09-01 03:52:27
60,71.35,2014-12-05 11:40:04
61,93.91,2015-06-23 19:01:07
62,45.28,2015-01-31 06:52:34
63,75.42,2014-07-26 07:41:28
64,10.24,2014-08-05 06:41:43
65,14.54,2015-04-01 00:00:28
66,72.09,2014-07-07 09:36:13
67,11.95,2015-02-09 04:34:11
68,92.22,2014-11-07 13:27:23
69,96.38,2014-10-06 04:56:57
70,72.34,2015-03-14 08:58:15
71,40.67,2014-11-02 01:38:23
72,13.76,2014-08-21 16:40:56
73,25.2,2015-03-07 23:07:46
74,65.39,2015-03-10 05:10:41
75,66.25,2014-09-06 14:09:33
76,93.22,2015-04-26 15:52:32
77,39.03,2014-11-22 03:48:44
78,45.58,2014-10-29 22:15:54
79,65.17,2015-05-15 15:11:34
80,56.65,2015-03-24 12:11:36
81,51.56,2014-08-28 04:14:13
82,62.83,2015-03-13 06:14:31
83,76.03,2015-05-07 11:49:11
84,80.85,2014-07-29 04:26:24
85,3.06,2014-07-08 20:13:59
86,38.74,2014-10-16 10:21:58
87,48.47,2014-07-07 01:09:42
88,63.93,2015-05-14 22:44:27
89,41.76,2015-06-20 15:19:05
90,34.09,2014-09-03 01:52:58
91,56.01,2015-01-07 16:10:54
92,45.31,2015-01-06 00:55:20
93,97.02,2014-11-09 20:12:12
94,74.6,2014-10-23 12:07:57
95,39.99,2015-05-29 02:55:37
96,32.53,2015-03-12 15:44:21
97,40.15,2015-01-21 00:02:50
98,27.55,2015-01-16 11:02:39
99,75.19,2014-12-21 15:52:20
100,75.1,2015-03-11 11:35:46
101,10.56,2014-08-06 07:34:20
102,76.45,2014-08-08 17:21:44
103,49.34,2014-12-20 07:10:29
104,57.08,2015-05-02 06:39:57
105,27.67,2015-02-11 08:49:53
106,97.98,2014-11-02 11:33:47
107,95.12,2015-03-19 03:33:31
108,49.76,2014-09-05 21:13:07
109,60.9,2015-04-14 07:33:25
110,28.7,2014-07-24 10:57:19
111,79.67,2014-12-06 08:56:31
112,7.36,2015-02-15 12:46:27
113,86.48,2015-05-11 19:29:21
114,78.6,2015-05-16 21:56:02
115,37.47,2015-02-03 20:03:59
116,52.16,2015-06-09 19:06:59
117,52.49,2014-08-11 15:17:49
118,44.4,2014-12-06 08:05:14
119,47.22,2014-11-01 17:47:20
120,60.44,2014-07-03 15:30:06
121,17.71,2015-02-23 13:57:51
122,28.27,2015-03-13 01:48:23
123,24.43,2014-11-14 03:57:29
124,59.78,2014-07-17 08:55:26
125,45.96,2014-11-18 03:38:47
126,92.41,2015-03-01 11:53:19
127,2.38,2014-10-18 18:25:13
128,76.73,2015-04-21 09:09:25
129,71.13,2014-07-08 02:23:56
130,95.52,2014-09-29 22:39:23
131,34.86,2015-02-16 20:13:03
132,75.12,2014-10-12 23:06:06
133,32.23,2014-10-01 02:24:35
134,38.12,2015-06-14 15:30:33
135,69.21,2014-12-09 03:32:51
136,28.66,2014-12-24 04:57:16
137,7.16,2015-02-06 18:12:15
138,18.46,2014-07-03 00:22:21
139,61.95,2015-02-15 23:50:14
140,11.96,2015-03-11 05:08:25
141,14.21,2014-11-20 23:21:20
142,1.69,2015-04-18 02:11:33
143,5.16,2015-05-24 11:52:04
144,27.45,2014-07-03 03:51:08
145,48.26,2015-05-17 03:38:10
146,91.01,2014-09-30 01:34:15
147,3.54,2014-08-29 22:44:41
148,81.55,2014-08-06 03:15:50
149,3.48,2015-01-05 06:00:38
150,76.0,2015-02-05 12:14:06
151,31.21,2014-07-29 23:47:47
152,64.97,2014-07-22 03:40:58
153,97.21,2014-07-22 20:50:03
154,29.12,2015-04-17 01:50:17
155,31.94,2014-09-27 08:19:13
156,35.24,2014-07-09 05:58:29
157,93.52,2015-03-14 04:01:34
158,11.83,2015-03-02 18:24:51
159,59.57,2014-10-18 23:16:00
160,7.45,2014-11-03 03:44:27
161,90.01,2014-11-20 16:04:03
162,92.76,2015-03-23 07:28:27
163,78.66,2015-05-09 21:22:03
164,68.01,2015-04-14 00:21:32
165,64.51,2014-12-01 19:53:02
166,12.86,2014-12-15 06:23:04
167,31.72,2015-05-02 12:42:44
168,98.63,2015-05-27 09:53:27
169,28.11,2015-06-23 02:24:01
170,87.85,2014-11-21 04:10:58
171,44.05,2014-08-13 23:00:09
172,1.79,2014-06-26 09:40:22
173,14.92,2015-03-07 19:11:07
174,3.86,2015-05-27 14:49:03
175,29.73,2014-11-21 01:47:46
176,78.76,2015-02-28 21:36:05
177,60.75,2014-07-06 17:56:20
178,79.64,2015-01-29 09:19:23
179,84.91,2014-12-11 06:33:20
180,15.31,2015-02-08 21:24:48
181,18.27,2015-05-17 14:03:33
182,92.27,2014-06-25 07:21:56
183,19.74,2014-10-14 14:43:36
184,27.34,2015-01-06 10:02:15
185,92.68,2015-01-12 16:07:34
186,28.03,2015-05-11 09:06:52
187,6.11,2015-01-30 02:13:42
188,76.52,2015-01-22 10:38:53
189,43.23,2015-02-02 08:52:23
190,57.06,2014-12-04 14:04:33
191,4.7,2014-10-21 14:12:09
192,94.6,2014-06-30 12:53:07
193,10.75,2015-02-23 08:35:05
194,91.35,2015-05-28 23:21:03
195,92.25,2014-08-05 02:52:28
196,5.2,2015-03-03 12:34:17
197,58.52,2014-07-15 05:28:40
198,66.28,2014-11-25 13:49:31
199,16.26,2014-07-14 17:46:31
200,47.26,2015-02-20 23:25:25
201,22.87,2015-04-04 16:39:24
202,98.03,2014-12-16 11:33:25
203,5.34,2015-02-27 19:52:11
204,28.69,2014-08-10 17:28:28
205,49.44,2014-11-13 12:44:44
206,35.34,2015-02-01 19:55:48
207,8.15,2015-03-11 09:09:02
208,97.51,2014-09-30 14:22:29
209,43.34,2015-02-23 03:40:17
210,91.87,2015-01-04 05:30:28
211,49.37,2015-01-11 09:24:21
212,2.77,2015-01-05 04:31:08
213,93.06,2015-01-28 11:43:07
214,22.42,2014-09-21 06:24:13
215,52.3,2014-12-23 07:47:39
216,58.15,2014-11-06 06:39:44
217,36.88,2014-09-05 13:28:06
218,48.84,2014-10-14 02:27:45
219,43.62,2014-08-15 03:49:42
220,44.72,2014-11-14 11:18:19
221,50.47,2015-02-16 20:59:50
222,43.41,2014-07-16 00:24:40
223,77.92,2015-03-22 00:30:12
224,46.2,2015-02-22 03:46:21
225,85.43,2015-05-30 04:31:51
226,32.58,2014-09-18 02:15:26
227,29.11,2015-01-22 19:36:22
228,86.34,2014-09-07 02:23:39
229,99.41,2015-04-03 05:54:39
230,26.4,2015-06-11 08:30:13
231,36.46,2014-12-14 13:56:29
232,76.87,2014-10-06 19:48:12
233,73.36,2015-03-30 10:13:45
234,2.94,2014-07-19 00:47:33
235,49.93,2015-01-30 10:22:18
236,32.9,2014-08-22 22:52:32
237,97.82,2015-01-31 17:13:27
238,34.77,2015-05-05 15:31:44
239,37.35,2014-12-20 15:28:04
240,9.73,2015-06-19 07:05:51
241,17.78,2014-11-01 14:19:37
242,29.37,2014-08-05 13:15:42
243,90.29,2014-10-08 17:15:22
244,63.26,2014-08-08 15:52:11
245,42.41,2015-02-12 04:46:25
246,47.19,2015-03-18 04:53:12
247,11.87,2014-12-09 10:36:41
248,24.81,2015-04-07 22:49:58
249,42.16,2014-10-14 19:18:29
250,53.33,2015-06-11 12:52:36
251,30.48,2015-02-06 23:42:30
252,27.46,2015-06-19 08:26:40
253,47.87,2014-12-03 01:01:37
254,85.87,2014-11-27 18:01:43
255,91.45,2015-01-13 09:30:38
256,72.05,2015-04-24 21:59:32
257,67.78,2014-11-26 14:46:15
258,67.41,2014-08-03 18:39:02
259,73.16,2015-02-11 10:08:45
260,98.32,2015-03-14 03:12:13
261,3.87,2014-10-25 11:10:09
262,93.78,2014-11-12 15:09:14
263,21.1,2014-10-13 11:48:03
264,49.64,2014-10-20 04:26:44
265,25.64,2015-05-05 21:19:41
266,97.74,2014-08-22 00:32:07
267,1.63,2015-03-28 20:15:00
268,73.23,2014-09-08 23:34:41
269,18.24,2014-06-28 23:15:29
270,63.03,2015-06-08 01:14:37
271,27.37,2015-03-11 23:54:58
272,58.03,2015-06-09 08:11:48
273,56.9,2015-04-27 17:34:37
274,20.61,2015-02-04 12:29:48
275,97.73,2014-12-29 07:00:42
276,90.69,2015-06-03 06:58:57
277,7.92,2015-02-03 12:13:27
278,60.26,2014-09-03 10:19:06
279,38.52,2014-12-02 08:41:07
280,85.89,2014-10-07 21:38:36
281,95.47,2015-04-20 11:03:18
282,35.43,2014-10-26 15:18:17
283,56.91,2015-04-26 02:54:28
284,49.95,2014-10-14 06:42:40
285,23.92,2015-01-15 18:51:39
286,27.13,2014-07-07 01:01:43
287,47.14,2015-03-06 08:51:23
288,50.26,2015-04-07 03:33:34
289,82.78,2014-07-19 13:53:28
290,51.1,2014-10-26 13:13:01
291,67.24,2014-09-27 11:15:06
292,69.31,2014-07-23 03:59:17
293,87.03,2014-12-16 23:32:38
294,93.6,2014-10-20 08:52:21
295,48.33,2015-04-21 21:59:08
296,77.3,2014-08-29 13:04:00
297,57.37,2015-05-20 08:04:00
298,37.29,2015-05-30 19:45:29
299,91.67,2015-01-28 04:24:48
300,95.93,2015-03-03 07:18:01
301,35.8,2014-08-16 22:34:47
302,13.61,2014-10-13 19:24:36
303,99.45,2014-11-14 16:05:06
304,85.1,2014-08-20 11:47:04
305,0.21,2015-03-19 18:54:03
306,82.25,2014-10-22 00:00:22
307,13.17,2015-05-29 19:12:06
308,83.44,2014-08-10 21:26:47
309,12.54,2014-06-28 10:05:37
310,79.03,2014-07-18 20:09:15
311,31.17,2015-04-01 17:09:58
312,94.95,2015-03-29 01:18:18
313,13.97,2014-11-13 21:10:01
314,88.17,2015-05-20 00:26:36
315,50.97,2015-03-24 09:33:30
316,72.04,2014-11-22 15:06:52
317,20.61,2014-07-25 02:43:35
318,96.72,2015-04-20 06:00:24
319,41.15,2015-03-16 14:19:47
320,29.19,2014-08-12 06:57:58
321,89.85,2014-08-14 12:11:01
322,55.21,2015-06-21 14:44:54
323,34.97,2015-05-02 09:05:46
324,35.17,2015-04-09 23:31:33
325,22.48,2014-10-27 09:36:35
326,92.66,2015-06-11 10:16:12
327,96.82,2014-08-22 10:46:49
328,99.6,2015-03-16 12:54:42
329,22.86,2015-03-15 02:39:35
330,5.77,2015-02-20 00:05:44
331,64.62,2015-04-18 10:28:53
332,80.19,2014-10-30 13:14:53
333,12.36,2015-05-18 22:42:12
334,83.98,2015-03-13 17:37:28
335,83.95,2014-08-02 21:04:15
336,89.23,2014-07-18 06:53:57
337,81.01,2015-06-21 08:49:06
338,86.3,2015-02-08 03:19:22
339,67.52,2015-01-12 00:13:23
340,45.9,2014-09-28 06:09:23
341,17.53,2014-09-16 13:48:14
342,17.41,2014-12-26 09:25:55
343,43.2,2014-08-11 02:12:04
344,62.92,2014-10-11 16:17:31
345,2.97,2015-05-10 11:31:56
346,94.3,2015-04-09 00:59:01
347,32.95,2015-03-13 19:06:45
348,64.47,2014-07-11 17:54:00
349,41.98,2014-09-09 02:11:33
350,28.65,2014-10-04 23:34:28
351,86.37,2014-10-17 06:54:43
352,10.12,2014-07-30 04:38:22
353,72.2,2014-09-01 05:16:40
354,71.04,2014-11-29 20:33:07
355,28.32,2014-08-26 13:06:56
356,90.04,2015-02-09 22:56:34
357,5.88,2014-09-25 20:58:08
358,55.64,2014-08-31 23:59:50
359,5.48,2015-03-09 20:19:17
360,12.57,2014-07-31 13:49:24
361,77.64,2014-12-09 14:49:30
362,6.44,2014-12-09 18:21:26
363,85.45,2015-05-04 19:11:57
364,97.03,2014-11-06 09:57:55
365,1.11,2014-09-29 16:05:08
366,17.83,2015-01-06 13:49:24
367,86.17,2015-04-23 07:36:57
368,73.2,2014-08-18 13:45:49
369,18.23,2015-06-07 05:59:18
370,79.17,2014-12-18 19:43:21
371,21.15,2015-03-27 23:30:10
372,26.54,2015-06-23 05:16:37
373,30.2,2014-06-28 09:25:35
374,0.67,2014-09-02 04:37:36
375,0.18,2015-02-01 07:49:31
376,87.34,2014-09-10 19:52:08
377,97.41,2014-08-11 06:10:26
378,28.37,2015-03-22 17:48:39
379,15.06,2014-11-17 23:02:58
380,19.02,2015-03-22 16:56:53
381,82.2,2014-09-10 15:16:47
382,25.49,2015-01-31 06:04:39
383,21.42,2014-07-06 11:09:27
384,46.7,2015-05-16 23:29:42
385,89.12,2014-09-15 04:53:19
386,83.18,2014-08-18 02:50:35
387,84.73,2014-10-10 07:48:58
388,73.36,2015-02-19 03:31:18
389,58.81,2014-12-29 17:12:03
390,97.34,2015-06-07 14:12:12
391,1.8,2014-07-27 10:14:24
392,24.04,2015-05-03 21:48:33
393,32.93,2014-08-27 20:46:05
394,1.77,2015-05-01 15:30:02
395,75.21,2014-08-26 16:51:07
396,64.26,2014-06-26 22:40:55
397,17.79,2015-04-21 10:41:57
398,13.15,2015-03-04 02:17:21
399,69.5,2015-02-09 12:37:30
400,64.05,2015-04-14 10:30:42
401,23.84,2014-07-29 20:20:18
402,75.49,2015-06-16 15:00:34
403,69.77,2014-10-10 06:56:32
404,82.9,2014-11-28 20:03:19
405,30.39,2014-11-24 06:46:33
406,81.08,2014-12-20 20:11:45
407,23.27,2014-07-28 16:07:06
408,17.23,2015-03-07 01:12:44
409,18.19,2015-06-15 02:06:12
410,28.9,2014-10-22 00:00:15
411,77.87,2015-05-14 05:58:10
412,27.69,2014-10-08 16:47:56
413,97.87,2015-02-23 10:16:41
414,77.49,2014-11-15 07:00:03
415,83.42,2015-02-03 10:01:40
416,22.76,2014-10-15 04:53:40
417,18.72,2014-10-27 12:24:21
418,5.69,2015-04-08 18:58:46
419,73.13,2014-07-21 06:54:19
420,34.8,2014-11-29 06:27:36
421,82.37,2014-12-31 18:05:08
422,76.82,2014-07-13 19:38:55
423,34.11,2014-08-24 02:37:35
424,49.9,2014-10-29 23:11:50
425,66.33,2015-05-07 07:31:06
426,26.93,2015-01-04 17:14:00
427,3.89,2014-12-06 05:48:08
428,67.85,2015-01-26 10:12:00
429,5.5,2015-03-18 14:16:48
430,29.46,2015-04-28 10:19:12
431,54.64,2014-09-29 19:22:10
432,57.05,2014-09-18 11:02:13
433,27.44,2014-07-22 02:14:13
434,43.4,2014-06-25 02:12:42
435,36.93,2014-10-22 04:14:19
436,24.31,2015-04-10 23:01:59
437,56.16,2014-11-26 14:59:29
438,31.18,2015-01-15 15:11:34
439,14.48,2015-01-22 09:25:58
440,27.79,2015-03-07 11:54:44
441,32.12,2014-07-24 21:09:05
442,59.06,2015-04-21 03:56:12
443,90.9,2015-05-20 22:38:50
444,63.24,2015-03-16 08:06:21
445,44.94,2015-03-06 09:46:57
446,90.42,2015-01-04 17:14:19
447,80.58,2015-01-15 13:27:00
448,99.03,2014-08-17 12:17:37
449,17.17,2014-08-17 21:41:27
450,32.41,2014-07-01 05:43:56
451,85.04,2014-11-20 11:27:54
452,72.46,2015-03-18 12:11:24
453,20.19,2015-02-10 19:45:45
454,71.53,2015-04-01 22:03:17
455,38.46,2015-01-13 05:46:08
456,49.69,2015-05-14 06:44:21
457,84.55,2014-10-10 16:28:09
458,20.42,2015-06-05 09:56:10
459,67.85,2015-04-29 02:27:08
460,62.25,2015-02-26 21:29:03
461,49.4,2014-10-05 21:37:33
462,82.22,2014-10-02 16:38:28
463,7.45,2014-10-21 05:08:56
464,40.12,2014-08-29 05:57:10
465,66.6,2014-11-07 20:06:09
466,76.12,2015-03-14 04:42:47
467,4.92,2014-07-15 17:04:50
468,19.62,2015-04-07 06:38:32
469,12.85,2014-11-04 21:18:27
470,62.92,2014-07-01 17:14:33
471,45.04,2015-06-10 08:22:46
472,32.88,2014-10-09 20:49:10
473,86.54,2015-05-16 23:33:06
474,56.78,2014-10-23 16:39:27
475,0.04,2014-08-01 13:37:28
476,88.43,2015-02-14 05:59:34
477,14.44,2015-06-04 06:21:35
478,52.94,2014-07-06 17:17:57
479,62.75,2015-01-07 19:21:44
480,1.05,2014-12-09 12:58:41
481,61.53,2014-09-05 23:42:35
482,12.84,2014-08-03 21:35:53
483,74.82,2015-03-15 03:30:25
484,27.18,2015-02-06 20:08:03
485,42.49,2014-10-03 21:41:25
486,7.69,2014-08-18 09:53:03
487,78.87,2014-10-11 03:50:46
488,77.91,2015-03-02 10:20:43
489,1.69,2014-07-27 02:08:45
490,11.27,2015-03-07 09:58:02
491,90.37,2015-02-20 18:27:16
492,1.98,2015-01-13 14:33:18
493,47.03,2015-04-19 19:53:58
494,30.97,2014-11-09 04:51:53
495,40.76,2014-09-22 19:02:31
496,6.73,2014-07-09 09:17:30
497,9.28,2014-11-10 23:14:37
498,61.26,2014-07-18 04:15:11
499,24.07,2015-03-26 19:22:51
500,80.13,2014-10-08 17:35:31
501,74.83,2014-07-01 15:04:06
502,71.11,2014-08-10 11:46:54
503,9.66,2015-03-10 14:41:34
504,89.51,2015-05-17 03:33:39
505,94.92,2014-12-04 01:22:32
506,87.83,2015-01-12 11:42:58
507,88.38,2014-10-27 15:45:54
508,11.25,2014-10-05 20:54:58
509,99.75,2015-05-19 01:48:30
510,67.07,2014-11-20 06:48:06
511,83.99,2015-02-22 19:03:45
512,17.72,2014-09-30 03:47:03
513,68.47,2014-10-11 17:12:50
514,57.26,2014-07-31 00:18:04
515,41.74,2014-08-14 04:33:57
516,70.68,2014-07-27 14:02:41
517,62.97,2015-04-11 09:33:23
518,26.07,2014-07-29 23:52:06
519,89.97,2015-03-04 19:51:18
520,18.81,2014-11-29 15:21:43
521,40.91,2015-01-02 15:24:29
522,6.15,2014-06-27 21:53:14
523,27.94,2014-09-05 11:57:45
524,48.46,2015-03-25 18:29:41
525,91.64,2014-10-30 11:36:38
526,46.26,2015-01-26 14:24:51
527,97.37,2015-05-23 15:54:00
528,23.37,2015-06-15 05:42:34
529,86.12,2014-08-13 05:37:50
530,92.41,2015-01-02 05:20:50
531,80.77,2014-06-27 12:02:20
532,37.45,2014-12-07 21:48:28
533,36.34,2015-03-27 17:37:27
534,17.63,2015-04-14 10:50:27
535,84.05,2015-02-20 00:54:47
536,76.5,2015-06-12 11:59:24
537,77.22,2015-05-22 16:13:26
538,31.86,2014-08-17 12:25:24
539,71.06,2015-03-11 09:01:35
540,82.78,2014-12-03 02:23:28
541,42.29,2014-08-25 21:51:07
542,51.09,2014-12-05 23:49:29
543,37.25,2015-02-16 09:10:22
544,10.38,2014-09-21 11:55:22
545,43.1,2015-03-05 21:04:53
546,51.42,2014-12-04 10:17:08
547,74.53,2014-09-05 19:10:33
548,70.59,2015-05-22 16:41:51
549,39.36,2014-08-16 16:03:57
550,54.07,2015-04-30 22:47:56
551,9.03,2015-01-25 06:30:46
552,53.55,2014-08-13 00:06:45
553,87.25,2015-03-01 01:43:39
554,15.63,2014-09-12 17:26:51
555,23.94,2014-07-10 09:03:54
556,53.79,2014-12-30 22:11:22
557,59.87,2014-09-15 13:48:58
558,25.73,2014-11-10 05:22:54
559,55.39,2014-09-05 09:03:24
560,84.97,2015-04-02 23:45:14
561,22.0,2014-07-22 07:49:30
562,95.46,2014-11-28 20:10:59
563,72.73,2014-08-09 03:50:11
564,76.66,2015-04-01 03:03:11
565,60.32,2014-07-27 21:17:27
566,74.74,2015-02-04 08:34:53
567,18.78,2014-10-17 19:45:24
568,18.95,2015-02-14 10:50:34
569,39.46,2015-01-03 06:03:16
570,10.59,2015-04-22 20:27:36
571,71.83,2015-01-14 04:30:26
572,72.27,2014-07-08 15:42:29
573,25.3,2014-08-19 12:27:46
574,31.14,2014-07-18 07:29:43
575,38.17,2014-07-27 05:06:22
576,34.67,2015-05-31 18:23:25
577,64.58,2015-03-05 15:44:11
578,58.83,2015-05-12 15:18:57
579,13.84,2015-01-24 14:30:07
580,77.66,2014-10-02 19:59:31
581,70.13,2015-02-23 04:53:33
582,10.23,2014-07-21 15:43:26
583,65.33,2014-11-16 04:46:41
584,17.28,2015-01-22 05:43:15
585,7.89,2015-05-23 08:11:44
586,50.04,2015-02-08 02:58:04
587,45.39,2015-03-20 07:58:54
588,5.14,2015-01-03 20:13:47
589,58.07,2015-03-30 12:10:02
590,35.41,2014-08-25 21:50:21
591,64.35,2015-03-29 00:32:49
592,63.58,2014-06-28 03:32:39
593,0.3,2015-01-29 13:55:43
594,43.56,2014-10-24 10:30:40
595,14.13,2014-09-21 06:09:22
596,3.89,2015-05-23 02:14:17
597,93.93,2015-05-12 16:47:30
598,97.07,2014-10-27 00:59:58
599,60.03,2015-01-09 11:59:14
600,27.26,2014-07-14 17:54:05
601,33.85,2015-01-17 10:17:06
602,35.41,2014-12-04 06:51:02
603,10.53,2015-01-02 01:05:39
604,97.52,2015-01-25 15:32:41
605,3.98,2015-05-01 23:18:42
606,45.13,2014-08-12 23:13:20
607,32.51,2014-12-09 22:02:27
608,74.42,2015-03-07 10:23:36
609,45.27,2015-02-13 04:47:42
610,81.58,2014-10-01 10:06:40
611,90.58,2014-08-16 14:06:18
612,44.73,2015-01-25 05:49:17
613,96.61,2014-08-25 12:23:06
614,52.66,2015-02-27 18:39:17
615,17.93,2015-06-12 10:08:56
616,44.47,2015-02-07 00:54:31
617,86.21,2014-10-17 09:21:15
618,80.9,2014-09-19 18:47:31
619,6.77,2015-04-21 05:53:02
620,9.95,2014-12-08 03:28:38
621,47.45,2015-05-16 00:21:00
622,69.92,2015-01-21 11:28:21
623,10.09,2014-10-25 12:46:29
624,27.26,2014-12-12 05:12:11
625,0.8,2015-04-10 17:12:47
626,48.23,2015-04-17 09:16:57
627,86.34,2015-01-16 11:32:25
628,57.17,2015-06-14 10:17:40
629,5.34,2015-05-25 19:54:59
630,87.07,2014-07-27 02:44:23
631,27.35,2015-05-17 21:04:41
632,71.82,2014-10-15 21:05:51
633,26.6,2014-09-11 21:20:24
634,82.22,2015-03-22 00:32:25
635,60.45,2015-04-16 01:06:01
636,57.54,2015-03-25 21:35:23
637,59.86,2014-08-02 07:57:38
638,46.6,2014-10-22 11:47:02
639,87.39,2014-08-13 18:07:13
640,24.73,2014-10-25 17:01:43
641,64.95,2014-07-29 03:46:08
642,50.8,2014-08-16 22:38:32
643,33.59,2015-02-10 01:36:28
644,38.69,2014-12-04 01:08:25
645,75.46,2014-09-14 23:49:10
646,10.44,2015-04-16 07:16:11
647,95.09,2015-02-08 02:51:08
648,46.79,2014-11-21 05:31:32
649,83.44,2015-06-04 05:05:55
650,83.93,2015-06-19 07:44:29
651,7.8,2014-11-12 15:30:12
652,74.04,2014-08-14 03:52:37
653,1.04,2015-02-09 13:25:27
654,39.96,2015-04-26 14:35:50
655,88.18,2014-07-25 15:19:31
656,74.03,2014-09-17 05:47:06
657,86.58,2014-07-28 18:45:58
658,54.58,2015-02-13 17:56:05
659,9.74,2014-08-25 14:14:43
660,47.04,2015-05-02 12:29:41
661,70.03,2014-09-03 16:12:31
662,83.62,2015-01-26 18:46:28
663,91.34,2014-11-10 06:31:17
664,87.04,2015-03-09 16:16:35
665,69.86,2014-07-10 05:48:02
666,21.47,2014-12-28 08:57:54
667,11.82,2014-08-25 23:45:35
668,80.07,2014-11-21 10:17:28
669,50.1,2014-10-23 11:04:35
670,86.78,2015-04-19 11:08:05
671,87.74,2014-12-09 04:04:20
672,83.74,2014-10-01 17:45:32
673,44.28,2015-02-24 07:42:32
674,29.72,2015-01-06 20:39:40
675,23.55,2015-06-02 00:53:03
676,72.26,2014-12-12 19:00:06
677,91.03,2014-11-01 14:00:54
678,15.85,2014-10-03 02:27:00
679,22.89,2015-04-13 04:22:48
680,42.5,2014-07-05 08:43:41
681,39.38,2015-02-07 23:14:17
682,77.12,2015-02-02 21:00:33
683,3.45,2015-04-19 18:57:33
684,91.11,2014-08-11 13:14:50
685,92.97,2014-08-31 20:27:28
686,58.83,2015-03-23 09:47:50
687,22.31,2015-03-23 10:03:54
688,26.17,2015-03-08 21:45:33
689,21.68,2014-10-11 10:46:00
690,23.6,2014-08-05 04:59:21
691,72.84,2014-12-09 07:28:25
692,9.01,2014-12-04 06:50:48
693,24.84,2015-03-08 23:54:54
694,83.31,2014-11-27 20:06:12
695,84.48,2015-03-31 19:39:44
696,30.48,2015-04-26 03:58:37
697,11.44,2014-07-30 20:07:35
698,84.21,2014-12-28 13:28:42
699,21.32,2015-05-16 07:39:16
700,16.1,2015-03-31 05:36:25
701,54.44,2014-09-23 20:03:35
702,2.23,2014-12-24 01:39:45
703,95.91,2015-01-02 08:31:25
704,50.86,2014-12-03 08:38:51
705,90.92,2014-11-17 10:45:01
706,53.01,2015-04-02 03:33:17
707,48.06,2015-02-24 21:57:34
708,52.22,2015-02-05 18:25:17
709,22.74,2014-07-31 07:10:38
710,8.7,2014-09-22 14:02:36
711,22.65,2014-07-22 14:40:57
712,30.11,2015-06-22 18:05:52
713,57.04,2014-11-03 19:23:21
714,0.56,2015-05-04 03:22:09
715,53.18,2014-06-28 07:50:42
716,86.22,2014-08-03 21:37:43
717,46.22,2015-06-15 05:58:03
718,91.51,2015-04-05 12:48:44
719,82.04,2014-09-29 10:29:14
720,69.77,2015-01-03 08:58:47
721,27.16,2014-08-06 19:37:28
722,36.05,2015-02-22 20:24:52
723,44.17,2015-06-20 23:11:39
724,55.64,2014-11-29 13:44:53
725,15.07,2015-04-02 02:04:25
726,89.94,2015-05-28 06:37:46
727,70.66,2015-06-08 04:15:09
728,91.34,2014-06-25 22:43:40
729,68.71,2014-09-09 11:22:37
730,82.04,2014-11-12 00:14:32
731,72.08,2015-02-25 06:10:46
732,65.03,2014-07-22 09:58:45
733,71.92,2014-08-10 01:13:00
734,92.57,2015-04-01 05:49:11
735,0.85,2015-05-10 06:33:58
736,96.59,2014-06-25 11:01:25
737,48.4,2014-12-02 21:43:36
738,36.13,2015-05-02 14:30:54
739,24.55,2015-05-20 08:39:21
740,24.84,2015-04-15 17:56:06
741,95.63,2014-12-04 04:34:03
742,26.96,2014-08-01 01:59:25
743,30.91,2015-02-05 18:42:19
744,85.96,2014-11-29 10:15:16
745,29.1,2014-10-31 18:32:43
746,73.38,2015-02-19 17:44:16
747,72.57,2014-07-08 11:04:28
748,51.88,2015-01-10 20:56:28
749,41.33,2014-07-16 16:47:56
750,21.82,2014-08-19 12:01:46
751,54.49,2015-02-28 05:38:55
752,39.12,2015-04-21 00:59:51
753,79.06,2015-04-05 16:30:20
754,17.45,2014-08-04 10:19:19
755,65.52,2014-07-10 02:01:48
756,6.0,2014-12-19 22:38:14
757,37.84,2015-04-28 14:21:32
758,91.07,2015-05-04 05:04:10
759,62.22,2014-07-14 08:17:09
760,88.28,2015-01-27 22:22:19
761,71.75,2015-05-18 11:52:38
762,84.55,2015-01-21 21:20:08
763,71.89,2015-03-06 01:22:49
764,98.32,2014-09-14 00:22:31
765,13.93,2014-09-05 18:23:55
766,86.96,2015-01-30 08:47:23
767,63.29,2015-02-02 04:23:56
768,19.08,2015-04-12 07:52:47
769,5.22,2014-09-15 05:46:35
770,66.21,2015-03-03 11:04:59
771,42.07,2015-02-19 17:44:55
772,83.82,2014-11-09 18:30:07
773,84.5,2015-03-10 03:13:26
774,45.63,2014-11-14 19:44:52
775,32.76,2015-04-02 17:49:29
776,39.52,2015-05-12 12:59:34
777,11.22,2015-03-20 00:06:55
778,15.03,2014-11-24 15:37:02
779,92.7,2014-08-24 11:34:05
780,16.71,2015-01-12 02:43:32
781,73.13,2015-04-09 07:05:08
782,34.1,2014-07-20 02:51:54
783,88.88,2014-07-11 07:55:17
784,71.43,2015-03-24 13:07:19
785,4.56,2014-08-14 02:32:26
786,68.6,2014-07-08 03:14:19
787,26.11,2015-01-21 19:50:57
788,54.55,2014-07-14 13:02:32
789,94.83,2015-02-04 12:46:33
790,50.29,2014-12-09 11:04:56
791,78.72,2014-12-15 14:30:26
792,61.08,2014-10-10 01:00:55
793,93.15,2014-11-12 13:42:32
794,64.85,2015-05-11 10:06:20
795,7.78,2015-01-31 16:27:30
796,51.24,2014-10-19 17:07:50
797,45.96,2014-09-15 11:53:31
798,88.54,2014-08-19 12:49:26
799,23.88,2014-11-03 16:33:17
800,83.08,2014-09-12 22:56:54
801,86.19,2015-06-05 20:38:06
802,96.8,2014-12-28 08:36:47
803,13.04,2015-01-06 15:23:11
804,78.84,2014-10-29 05:16:12
805,40.76,2015-01-27 05:50:09
806,40.1,2015-03-05 22:17:13
807,40.23,2015-02-19 04:24:16
808,31.72,2014-10-05 04:49:25
809,46.11,2014-07-22 12:58:05
810,45.36,2014-08-03 06:02:44
811,72.31,2014-12-22 06:00:21
812,32.32,2015-05-29 18:20:24
813,24.6,2015-03-23 17:07:18
814,26.21,2015-04-19 05:04:32
815,16.33,2014-11-18 15:31:05
816,85.75,2014-11-20 18:06:55
817,2.64,2014-10-21 11:38:26
818,26.19,2015-02-28 22:18:14
819,89.88,2014-09-25 20:52:27
820,45.39,2014-12-11 03:15:05
821,34.29,2015-04-23 17:33:13
822,13.7,2014-10-15 10:40:42
823,39.87,2015-01-08 03:32:03
824,52.37,2015-03-12 17:49:36
825,55.36,2015-02-06 01:13:21
826,62.93,2014-12-14 22:23:44
827,44.95,2015-04-06 01:37:18
828,92.07,2014-08-28 17:54:59
829,85.57,2015-05-14 14:50:03
830,2.62,2015-04-04 03:27:39
831,94.28,2014-09-17 19:17:20
832,62.33,2015-02-19 15:07:26
833,17.49,2015-03-17 16:14:08
834,69.6,2015-04-19 20:44:03
835,64.13,2014-12-10 20:47:06
836,80.4,2014-09-10 02:45:40
837,98.34,2015-02-15 10:08:56
838,13.07,2014-09-23 18:46:54
839,30.78,2014-09-09 07:26:49
840,32.3,2014-09-12 14:17:21
841,7.79,2014-07-18 19:10:48
842,98.65,2014-07-04 14:52:28
843,11.08,2014-10-02 22:48:45
844,46.18,2015-05-23 19:00:00
845,35.66,2015-01-30 08:17:33
846,71.14,2015-06-02 19:49:47
847,74.98,2015-01-21 19:21:20
848,76.58,2014-08-31 02:37:47
849,31.08,2015-01-10 23:33:31
850,61.92,2015-03-15 04:00:35
851,58.65,2014-08-22 21:44:04
852,7.23,2015-04-22 00:32:53
853,62.25,2015-05-16 17:23:35
854,11.4,2015-05-15 10:43:14
855,89.88,2014-08-04 07:00:37
856,75.01,2015-01-14 05:16:18
857,37.62,2015-01-14 23:06:42
858,97.27,2014-06-26 18:30:16
859,74.77,2014-09-04 00:21:21
860,61.97,2015-02-05 10:01:00
861,62.51,2014-08-20 23:49:10
862,32.44,2015-02-23 00:20:30
863,71.95,2014-11-24 05:12:21
864,87.28,2015-05-06 15:49:42
865,22.62,2014-11-02 18:12:25
866,21.04,2014-08-22 12:39:23
867,16.57,2014-10-01 05:23:14
868,58.84,2015-06-22 11:36:43
869,13.4,2014-08-02 12:02:14
870,55.83,2014-07-16 10:13:48
871,26.01,2014-10-09 14:14:55
872,58.83,2015-02-13 06:51:18
873,16.27,2014-11-12 22:00:36
874,36.41,2014-09-11 00:28:21
875,62.8,2015-06-08 20:05:05
876,95.26,2015-06-24 23:36:17
877,5.72,2015-03-21 19:25:20
878,48.91,2015-01-06 05:55:11
879,53.96,2015-02-13 09:39:26
880,55.2,2014-12-31 13:25:14
881,31.81,2015-01-24 14:06:57
882,43.6,2015-06-19 09:24:07
883,40.44,2014-08-31 18:39:06
884,36.69,2014-12-28 07:05:50
885,37.93,2015-06-12 22:08:29
886,41.82,2014-08-30 18:07:45
887,28.84,2015-05-08 01:40:01
888,72.72,2014-12-19 22:45:09
889,19.04,2014-12-13 01:58:24
890,96.67,2015-01-11 08:21:28
891,50.78,2015-01-12 03:19:10
892,61.06,2015-01-04 12:31:13
893,29.02,2015-01-20 05:34:09
894,72.56,2014-09-11 02:50:31
895,91.59,2014-12-16 01:46:53
896,55.18,2015-02-24 08:59:06
897,69.6,2014-12-27 05:01:35
898,91.49,2015-06-11 19:24:12
899,70.07,2015-03-02 15:39:11
900,84.99,2015-05-28 06:46:51
901,75.94,2014-10-26 11:38:42
902,56.72,2015-04-05 12:47:12
903,25.08,2014-10-30 07:04:54
904,9.33,2015-04-22 04:56:32
905,89.34,2015-02-01 10:31:53
906,52.61,2014-08-23 09:38:05
907,18.94,2015-06-14 12:17:57
908,35.7,2014-09-10 13:42:40
909,21.31,2014-09-16 11:31:55
910,96.14,2014-08-15 00:21:08
911,61.53,2015-01-29 09:14:47
912,98.8,2014-09-07 11:33:11
913,52.85,2014-07-29 17:50:16
914,83.49,2015-05-03 12:43:01
915,66.88,2014-10-01 12:08:25
916,10.73,2014-08-08 12:55:03
917,51.35,2015-04-04 07:40:51
918,57.98,2015-02-21 12:08:12
919,88.27,2015-05-03 12:17:24
920,46.13,2014-10-23 14:25:10
921,13.72,2014-11-11 22:37:01
922,11.92,2015-01-27 00:39:08
923,24.18,2014-07-25 00:51:47
924,8.92,2014-11-17 02:04:15
925,10.87,2015-01-14 19:19:52
926,12.65,2014-10-13 03:51:54
927,39.72,2015-01-12 09:09:29
928,79.34,2015-05-07 21:18:05
929,60.16,2015-05-14 15:29:23
930,61.7,2015-01-10 02:05:44
931,45.77,2014-12-23 06:38:24
932,69.05,2014-10-06 22:30:05
933,8.68,2015-05-21 23:01:26
934,5.53,2015-03-15 14:32:14
935,61.32,2014-07-24 10:11:15
936,88.19,2014-12-05 13:14:52
937,38.5,2014-11-15 20:36:58
938,63.36,2015-01-30 04:01:15
939,67.11,2014-07-01 04:49:11
940,20.89,2015-01-03 05:04:46
941,23.96,2014-11-22 06:04:00
942,26.21,2015-03-07 03:25:28
943,22.47,2015-06-10 21:34:50
944,64.65,2015-03-15 17:31:28
945,12.12,2014-11-27 02:00:07
946,70.63,2015-04-07 17:54:10
947,43.58,2014-08-09 08:31:34
948,89.69,2014-10-23 13:47:45
949,31.68,2014-12-27 14:43:22
950,48.69,2014-07-11 14:58:41
951,70.31,2014-11-15 07:50:19
952,13.92,2014-12-10 00:52:36
953,3.98,2014-08-18 15:36:04
954,23.27,2014-10-27 06:47:37
955,11.51,2014-11-24 23:24:52
956,70.93,2014-07-06 19:23:15
957,8.65,2015-05-09 23:26:41
958,24.01,2014-07-23 14:00:43
959,31.24,2015-02-28 23:55:05
960,58.36,2014-10-30 13:32:00
961,69.58,2014-10-21 14:26:19
962,68.2,2014-09-13 22:19:27
963,34.0,2015-04-27 19:49:26
964,94.76,2014-11-11 06:09:14
965,53.11,2014-08-17 19:02:46
966,77.99,2014-10-14 01:20:42
967,84.69,2015-01-06 20:30:07
968,13.6,2015-01-26 01:00:09
969,86.8,2014-07-31 05:12:16
970,50.95,2015-03-11 09:18:49
971,43.52,2015-06-17 00:38:36
972,77.32,2014-07-07 20:28:16
973,62.91,2015-06-12 02:23:57
974,44.24,2015-02-13 14:17:37
975,57.59,2014-08-01 14:43:24
976,66.87,2015-03-10 17:26:09
977,55.55,2015-05-12 08:59:31
978,46.61,2015-02-24 20:43:40
979,47.91,2015-05-28 20:29:37
980,72.81,2014-11-28 03:35:25
981,8.15,2015-03-13 15:23:28
982,42.22,2014-08-29 13:29:53
983,95.14,2014-07-16 06:41:05
984,20.14,2015-01-14 22:22:34
985,33.93,2015-05-02 16:21:32
986,1.5,2014-12-15 04:56:42
987,73.8,2014-11-29 17:15:15
988,33.24,2015-05-03 00:49:44
989,72.68,2014-09-28 18:48:16
990,97.55,2014-11-07 08:49:25
991,75.88,2015-03-18 01:13:38
992,16.66,2014-12-03 05:28:02
993,36.07,2014-12-29 07:20:51
994,42.14,2014-10-19 19:11:05
995,53.75,2015-02-06 05:44:04
996,40.63,2014-09-09 13:30:08
997,46.37,2015-05-09 08:02:57
998,89.53,2015-01-09 23:10:07
999,24.49,2015-04-14 14:57:35
1000,68.2,2015-05-09 17:05:40
